Afghani - Dari,
Afghani - Pushtu,
African - East Swahili,
African - Kirundi,
African Rwandan,
Tigrinya,
Arabic, 
Arabic - Lebanese, 
Assyrian, 
Bengali, 
Kiribati, 
SriLanka - TAMIL,
Burmese, 
Burmese - Karen, 
Cambodian - Khmer, 
Chinese - Cantonese, 
Chinese - Hakka, 
Chinese - Mandarin,
Chinese - Shanghainese, 
Chinese - Taiwanese, 
Chinese - Teochew, 
Cook Island Maori, 
Somali,
Filipino, 
Filipino - Tagalog, 
French, 
German, 
German Swiss, 
Hungarian, 
Fijian - HINDI, 
Indian - Gujarati, 
Indian - HINDI, 
Indian - PUNJABI, 
Indian - Urdu, 
Telugu - Indian, 
Iranian - Persian-Farsi,
Italian, 
Japanese, 
Korean, 
Kurdish, 
Malay - Malay, 
Niuean, 
SIGN Language, 
Persian, 
Portuguese, 
Romanian, 
Russian, 
Samoan, 
Serbian, 
Serbo Croation, 
Slavic - Bosnian, 
Slavic Albanian,
Ukranian, 
Spanish, 
Lao, 
Thai, 
Tongan, 
Vietnamese,
